{
	"info": {
		"_postman_id": "9d390a1d-6537-4eae-9a60-04a785eaa92b",
		"name": "store-api",
		"schema": "https://schema.getpostman.com/json/collection/v2.1.0/collection.json"
	},
	"item": [
		{
			"name": "Get all products",
			"request": {
				"method": "GET",
				"header": [],
				"url": {
					"raw": "{{URL}}",
					"host": [
						"{{URL}}"
					]
				}
			},
			"response": []
		},
		{
			"name": "Get all products - Numeric Filter",
			"request": {
				"method": "GET",
				"header": [],
				"url": {
					"raw": "{{URL}}",
					"host": [
						"{{URL}}"
					]
				}
			},
			"response": []
		},
		{
			"name": "Get all products - Pagination",
			"request": {
				"method": "GET",
				"header": [],
				"url": {
					"raw": "{{URL}}?limit=2&page=2",
					"host": [
						"{{URL}}"
					],
					"query": [
						{
							"key": "limit",
							"value": "2"
						},
						{
							"key": "page",
							"value": "2"
						}
					]
				}
			},
			"response": []
		},
		{
			"name": "Get all products - sort",
			"request": {
				"method": "GET",
				"header": [],
				"url": {
					"raw": "{{URL}}?sort=name",
					"host": [
						"{{URL}}"
					],
					"query": [
						{
							"key": "sort",
							"value": "name"
						}
					]
				}
			},
			"response": []
		},
		{
			"name": "Get all products  - fields",
			"request": {
				"method": "GET",
				"header": [],
				"url": {
					"raw": "{{URL}}?fields=name,price",
					"host": [
						"{{URL}}"
					],
					"query": [
						{
							"key": "fields",
							"value": "name,price"
						}
					]
				}
			},
			"response": []
		},
		{
			"name": "Get all products - Static",
			"request": {
				"method": "GET",
				"header": [],
				"url": null
			},
			"response": []
		}
	],
	"variable": [
		{
			"key": "URL",
			"value": "http://localhost:3000/api/v1/products/"
		}
	]
}